Date,1Y,2Y,3Y,4Y,6M,6M_1Y,2Y_6M,3Y_6M,4Y_6M,5Y,7Y,10Y,7Y_5Y,10Y_5Y

1/10/2025,25.4459,31.8807,37.8275,45.9018,18.9436,6.5024,12.9372,18.8839,26.9583,55.4789,69.6968,81.4822,14.2179,26.0033

12/31/2024,24.6774,32.1823,37.8496,46.485,18.7973,5.8801,13.3851,19.0523,27.6877,56.0044,70.0602,81.445,14.0558,25.4406

11/29/2024,23.1773,30.1589,35.5736,43.7909,18.5018,4.6755,11.6571,17.0717,25.2891,52.5652,67,78.3753,14.4348,25.8101

10/31/2024,23.7423,31.4756,38.2854,47.1183,19.5169,4.2254,11.9587,18.7686,27.6015,57.0751,71.0415,81.8852,13.9665,24.8102

9/30/2024,24.9804,32.1611,38.8525,48.5508,,,,,,59.1556,73.9324,85.3695,14.7768,26.2139

8/30/2024,21.0954,27.83,34.9207,42.8998,,,,,,52.6142,65.8631,75.2968,13.2489,22.6826

7/31/2024,21.8762,28.8609,34.2388,43.8819,18.1342,3.742,10.7267,16.1045,25.7477,52.1373,66.7032,78.9138,14.5659,26.7764

6/28/2024,23.1877,31.7253,37.717,46.6805,19.7425,3.4452,11.9829,17.9745,26.938,57.0981,71.8233,83.2193,14.7252,26.1211

5/31/2024,21.3936,27.4958,33.3678,41.9538,17.2539,4.1397,10.2419,16.1139,24.6999,50.1486,64.9266,76.8306,14.7781,26.6821

4/30/2024,25.2772,33.0175,38.9644,48.9638,20.4659,4.8113,12.5516,18.4985,28.498,59.2435,73.3355,84.7834,14.092,25.5399

3/29/2024,25.9027,33.3987,39.3482,48.7662,21.3087,4.594,12.09,18.0396,27.4576,56.9981,71.3453,81.9014,14.3471,24.9033

2/29/2024,28.0635,35.4942,41.936,50.6351,22.9036,5.1599,12.5906,19.0324,27.7315,59.3011,74.2029,85.2796,14.9017,25.9784

1/31/2024,30.4039,38.4886,44.6154,53.3864,24.8938,5.5101,13.5948,19.7216,28.4926,62.138,76.0218,86.8274,13.8839,24.6894

12/29/2023,31.9432,40.7754,45.8516,55.2907,27.3577,4.5855,13.4177,18.4939,27.933,63.6807,76.6549,86.9904,12.9742,23.3097

11/30/2023,36.6576,46.5014,53.9268,64.1837,31.3858,5.2719,15.1156,22.541,32.798,74.7353,87.6218,98.9057,12.8865,24.1704

10/31/2023,47.0269,60.0143,68.5771,81.915,40.5681,6.4588,19.4461,28.0089,41.3468,95.8861,111.0429,119.8641,15.1568,23.978

9/29/2023,42.4834,52.8585,61.388,73.927,35.9695,6.5139,16.889,25.4185,37.9576,86.3403,101.7776,109.522,15.4373,23.1817

8/31/2023,33.5708,41.8854,49.1952,59.3771,26.0026,7.5682,15.8828,23.1926,33.3745,69.1354,82.9433,93.1907,13.8079,24.0553

7/31/2023,30.1296,38.6946,45.8746,55.0703,23.9828,6.1468,14.7118,21.8918,31.0875,63.8394,77.6388,88.671,13.7995,24.8317

6/30/2023,37.5168,46.482,57.0548,68.2387,29.6384,7.8785,16.8437,27.4165,38.6003,78.6756,93.083,103.2724,14.4074,24.5968

5/31/2023,49.1297,56.6136,63.3189,73.9019,40.0678,9.0618,16.5457,23.251,33.8341,84.3563,97.6906,107.4816,13.3342,23.1253

4/28/2023,56.6112,63.3201,70.7513,81.3983,47.9132,8.698,15.4069,22.8381,33.4851,91.6156,104.6133,114.2679,12.9977,22.6523

3/31/2023,58.8844,68.12,75.0307,85.3582,48.7795,10.1049,19.3405,26.2512,36.5787,96.8775,110.8044,120.1951,13.9269,23.3176

2/28/2023,36.3141,46.4757,54.3486,65.449,30.4065,5.9077,16.0692,23.9421,35.0425,78.3776,92.55,105.6608,14.1725,27.2832

1/31/2023,39.0375,49.2202,56.7707,67.4853,33.7621,5.2754,15.458,23.0085,33.7231,78.8514,91.054,104.0811,12.2026,25.2297

12/30/2022,49.9319,61.7145,72.2635,84.4356,43.237,6.6949,18.4775,29.0265,41.1985,96.7005,111.6043,123.801,14.9038,27.1005

11/30/2022,49.4434,61.0935,71.3661,82.7367,42.1295,7.3138,18.9639,29.2366,40.6071,94.0401,107.4648,121.3877,13.4247,27.3476

10/31/2022,59.459,75.4383,87.645,101.8366,51.5759,7.8831,23.8624,36.0691,50.2607,117.1311,130.515,144.4065,13.3839,27.2754

9/30/2022,70.7767,86.1508,100.4993,117.102,60.6095,10.1672,25.5413,39.8898,56.4925,134.1565,148.1576,162.0172,14.0011,27.8607

8/31/2022,51.592,64.9045,75.4204,88.4658,44.4432,7.1488,20.4613,30.9772,44.0226,102.2653,117.2659,129.1073,15.0006,26.842

7/29/2022,56.243,68.0114,79.3494,90.609,48.6045,7.6385,19.407,30.7449,42.0046,103.778,119.8893,132.2734,16.1113,28.4954

6/30/2022,67.4143,83.5002,96.7273,110.4634,59.32,8.0943,24.1802,37.4073,51.1434,127.6386,139.1114,153.009,11.4728,25.3704

5/31/2022,54.5811,68.6022,79.3573,90.5877,48.1247,6.4564,20.4775,31.2326,42.463,103.0096,117.8139,129.9502,14.8043,26.9406

4/29/2022,56.8979,71.2763,82.1768,94.0537,50.025,6.8729,21.2513,32.1518,44.0287,108.672,121.1459,134.9188,12.4739,26.2468

3/31/2022,45.502,56.1245,64.7872,74.3947,39.805,5.697,16.3195,24.9823,34.5897,85.0617,100.219,112.6532,15.1573,27.5915

2/28/2022,39.6005,47.571,56.0485,65.4687,33.1734,6.4272,14.3977,22.8751,32.2953,77.5044,91.1795,103.7133,13.6751,26.2089

1/31/2022,34.8893,42.6701,49.7851,56.5634,29.8867,5.0026,12.7834,19.8984,26.6767,67.6976,80.5509,94.6363,12.8534,26.9387

12/31/2021,28.54,35.045,40.9327,47.66,24.55,3.99,10.495,16.3827,23.11,56.1679,69.856,82.4434,13.6881,26.2755

11/30/2021,32.671,40.9688,47.5362,53.4757,28.2149,4.456,12.7539,19.3213,25.2607,62.6797,75.733,87.6173,13.0533,24.9375

10/29/2021,28.7314,34.8116,40.4327,46.0451,24.4184,4.3131,10.3932,16.0144,21.6268,54.0543,68.7194,80.6225,14.6651,26.5682

9/30/2021,27.6656,33.6494,39.7966,44.5709,23.6328,4.0328,10.0166,16.1637,20.9381,53.473,66.6921,78.7396,13.2191,25.2665

8/31/2021,25.214,30.8406,35.6823,41.1665,21.2178,3.9962,9.6228,14.4646,19.9487,47.8649,61.7347,73.3399,13.8698,25.475

7/30/2021,27.9936,34.3125,40.3368,44.3545,23.8427,4.1509,10.4698,16.4941,20.5118,52.3649,66.2027,77.798,13.8378,25.4331

6/30/2021,25.7808,31.1074,36.2445,41.5758,22.1448,3.636,8.9626,14.0997,19.431,48.3984,63.0021,74.2265,14.6037,25.828

5/31/2021,27.8372,33.6436,39.1317,45.2045,24.1472,3.6899,9.4964,14.9845,21.0573,52.6295,67.31,78.5439,14.6805,25.9145

4/30/2021,26.5009,32.4948,37.9346,42.841,23.1298,3.3711,9.365,14.8048,19.7112,50.171,64.3484,75.845,14.1774,25.674

3/31/2021,29.1843,36.0449,41.9882,48.0537,25.8012,3.3832,10.2437,16.187,22.2525,56.8006,70.5592,81.5747,13.7586,24.7741

2/26/2021,27.3626,33.718,38.5074,44.2752,24.4829,2.8798,9.2351,14.0245,19.7923,52.3654,66.0698,77.1872,13.7045,24.8218

1/29/2021,27.6782,33.8606,38.6233,44.046,24.8643,2.8139,8.9963,13.759,19.1816,51.5028,65.371,80.5354,13.8681,29.0326

12/31/2020,33.2293,37.4141,42.306,47.3769,30.8857,2.3435,6.5283,11.4203,16.4912,54.2771,68.8847,86.2098,14.6076,31.9327

11/30/2020,30.1953,33.865,39.0338,43.0327,28.1797,2.0156,5.6853,10.8541,14.853,49.8088,65.4992,80.2038,15.6904,30.395

10/30/2020,36.5073,40.2639,46.061,51.8544,33.8129,2.6944,6.451,12.2481,18.0415,58.7386,74.3668,84.5,15.6283,25.7614

9/30/2020,38.3563,42.8523,49.0427,54.2699,35.9012,2.4551,6.9511,13.1415,18.3687,63.0442,78.9589,95.7352,15.9147,32.691

8/31/2020,34.2523,38.0635,43.9656,49.9651,29.7667,4.4856,8.2967,14.1989,20.1984,57.9905,71.3236,87.2723,13.3331,29.2817

7/31/2020,42.185,49.8428,54.8763,59.2909,36.51,5.675,13.3328,18.3663,22.7809,65.8032,80.6474,90.5772,14.8443,24.774

6/30/2020,49.0328,53.6723,58.9329,64.405,40.1614,8.8714,13.5109,18.7714,24.2436,71.3523,86.2165,96.1038,14.8642,24.7515

5/29/2020,54.5547,60.3153,65.464,70.5915,42.4597,12.095,17.8556,23.0043,28.1318,75.8798,93.5913,102.9013,17.7115,27.0215

4/30/2020,56.4142,63.0887,70.0565,75.5382,47.1377,9.2765,15.9509,22.9188,28.4004,82.2808,98.4066,107.153,16.1259,24.8722

3/31/2020,87.6672,95.2491,101.7853,107.1876,82.1237,5.5435,13.1254,19.6616,25.0639,116.2235,133.2543,133.9598,17.0308,17.7363

3/29/2019,26.6441,32.459,41.383,50.8996,,,,,,63.6213,,,,

2/28/2019,26.0158,32.8362,40.7335,49.9305,,,,,,43.6094,,,,

1/31/2019,27.368,35.1445,42.5308,52.5786,,,,,,42.9406,,,,

12/31/2018,30.2184,38.7372,50.1447,61.4027,,,,,,48.7114,,,,

11/30/2018,23.71,31.3191,39.4961,49.5749,,,,,,51.219,,,,

10/31/2018,23.1276,30.8724,37.8374,46.9479,,,,,,62.228,,,,

9/28/2018,19.8845,27.4194,33.399,41.474,,,,,,54.4454,,,,

8/31/2018,20.5637,28.259,34.2053,42.6023,,,,,,51.3011,,,,

3/30/2018,19.8911,25.0748,32.1432,40.4571,16.9706,2.9206,8.1042,15.1726,23.4865,54.0579,,,,

9/29/2017,18.6819,26.0471,33.7294,42.5672,,,,,,73.1449,,,,

7/31/2017,17.4445,25.2132,32.5173,41.1679,,,,,,56.5996,,,,

6/30/2017,18.2495,25.7447,33.0244,41.868,,,,,,63.19,85.7306,103.6514,22.5406,40.4614

5/31/2017,20.4667,29.3281,37.1859,46.4227,,,,,,63.2244,84.2411,101.9893,21.0167,38.7649

2/28/2017,,34.3731,43.4744,53.6942,,,,,,64.3469,86.0285,102.8429,21.6816,38.496

1/31/2017,26.8953,38.6768,48.9259,60.0828,,,,,,82.293,96.4393,112.2854,14.1463,29.9924

10/31/2016,,40.2001,53.053,64.5911,,,,,,61.3295,82.2776,98.3559,20.9481,37.0264

3/31/2016,,63.3433,,,,,,,,60.2114,78.5777,94.6468,18.3663,34.4354

2/29/2016,53.0891,63.6533,84.0526,98.1958,53.5309,-0.4418,10.1224,30.5217,44.6649,50.7189,73.1434,89.3261,22.4245,38.6071

1/29/2016,34.6772,49.2133,65.3877,75.6647,27.1853,7.4918,22.028,38.2024,48.4794,51.6798,73.4115,89.1503,21.7317,37.4706

12/31/2015,29.3884,42.563,57.3731,67.2328,22.8111,6.5773,19.7519,34.562,44.4217,49.7188,,,,

11/30/2015,28.6093,42.8497,56.9137,66.1255,22.8483,5.7611,20.0014,34.0654,43.2772,58.26,,,,

10/30/2015,30.0617,41.3908,56.3964,68.1372,22.6866,7.375,18.7042,33.7098,45.4506,59.9409,,,,

9/30/2015,35.3651,49.994,68.6334,81.8054,26.7192,8.6459,23.2748,41.9142,55.0862,52.4334,,,,

8/31/2015,30.3754,44.2249,61.0181,73.118,23.1465,7.2289,21.0784,37.8716,49.9715,56.3039,69.8805,87.0884,13.5766,30.7845

7/31/2015,28.8504,39.2848,52.1456,65.8421,19.8576,8.9929,19.4273,32.288,45.9846,48.5055,,,,

6/30/2015,29.8201,41.3072,56.6391,69.3031,23.2132,6.6069,18.0939,33.4259,46.0899,39.81,,,,

5/29/2015,26.855,37.0115,50.2961,61.9413,20.5838,6.2711,16.4277,29.7122,41.3575,39.7973,,,,

4/30/2015,27.6585,36.1303,49.9607,61.7956,22.0356,5.6229,14.0947,27.925,39.7599,43.9486,,,,

3/31/2015,26.3409,37.6539,49.2997,61.4665,20.2802,6.0607,17.3737,29.0195,41.1863,47.115,,,,

2/27/2015,25.3527,36.8174,48.3399,60.9556,19.2243,6.1284,17.5931,29.1156,41.7313,48.4304,72.2346,89.5192,23.8042,41.0888

1/30/2015,28.5427,40.856,56.0591,69.983,20.0934,8.4493,20.7626,35.9657,49.8896,55.3807,,,,

12/31/2014,25.3929,36.6704,46.8703,59.3311,17.4449,7.9479,19.2255,29.4254,41.8861,51.553,72.953,91.1346,21.4001,39.5817

11/28/2014,21.1275,31.6122,39.5873,49.6702,15.1876,5.9399,16.4246,24.3997,34.4826,51.2319,73.5792,91.7447,22.3473,40.5127

10/31/2014,23.2009,33.5169,44.4084,55.8448,17.6842,5.5167,15.8326,26.7242,38.1605,57.4067,79.5389,97.0606,22.1323,39.6539

9/30/2014,28.9665,39.6153,50.5905,65.2265,22.3311,6.6354,17.2842,28.2594,42.8955,57.941,,,,

8/29/2014,21.0291,31.186,42.1704,53.4974,17.3424,3.6866,13.8436,24.828,36.155,64.0516,,,,

7/31/2014,24.2659,34.4591,45.8413,57.5991,17.7737,6.4921,16.6854,28.0676,39.8254,61.0694,89.1204,106.6594,28.0509,45.59

6/30/2014,20.5452,30.5333,41.0835,53.2485,14.8515,5.6938,15.6819,26.232,38.3971,71.9343,97.1444,114.0813,25.2101,42.147

5/30/2014,22.0413,31.3641,43.6883,55.1842,17.5393,4.502,13.8247,26.149,37.6448,75.6096,,,,

4/30/2014,23.3756,33.7012,46.0201,58.0129,17.7044,5.6712,15.9968,28.3158,40.3085,77.9096,,,,

3/31/2014,25.2168,36.7026,50.6925,63.3519,20.3514,4.8654,16.3512,30.3411,43.0005,78.7596,105.3983,122.3889,26.6387,43.6293

2/28/2014,27.6933,37.6898,53.6748,66.678,22.968,4.7252,14.7217,30.7068,43.71,87.3293,,,,

1/31/2014,32.6868,44.6882,62.0029,76.0007,24.8499,7.8369,19.8383,37.153,51.1508,75.2373,,,,

12/31/2013,20.9268,31.5289,45.4119,57.5127,,,,,,80.9649,,,,

9/30/2013,29.9235,44.6749,61.9888,80.9838,,,,,,93.2893,,,,

8/30/2013,34.5543,48.9247,70.8935,88.2352,,,,,,86.2882,,,,

7/31/2013,40.5264,54.1678,74.8248,91.4902,,,,,,91.7123,,,,

6/28/2013,46.5243,55.6925,80.7,101.8242,19.208,27.3162,36.4845,61.4919,82.6162,99.3791,,,,

5/31/2013,24.1375,32.2287,53.3474,72.057,15.9589,8.1786,16.2698,37.3885,56.0981,107.6712,140.9249,157.1479,33.2537,49.4767

4/30/2013,23.0335,38.5962,60.9641,82.3262,21.7516,1.2818,16.8445,39.2124,60.5746,102.3088,,,,

3/29/2013,24.1753,44.8112,65.5977,94.8622,22.7924,1.3829,22.0189,42.8053,72.0698,81.8021,,,,

2/28/2013,22.1308,43.0825,69.8711,96.3404,15.3884,6.7424,27.694,54.4826,80.9519,84.144,107.9183,126.0303,23.7743,41.8863

1/31/2013,19.1136,41.2851,68.9904,92.1211,14.2943,4.8192,26.9908,54.6961,77.8267,85.245,110.534,128.7068,25.289,43.4618

12/31/2012,29.9695,55.2014,87.7333,113.0277,17.048,12.9216,38.1534,70.6853,95.9797,101.228,126.6686,143.364,25.4406,42.136

11/30/2012,41.1638,68.5251,102.1954,126.1351,25.6045,15.5593,42.9207,76.5909,100.5306,91.4866,115.0355,134.6885,23.5489,43.2019

10/31/2012,49.0103,81.5618,116.3067,141.4663,37.3195,11.6908,44.2423,78.9872,104.1468,79.6725,103.0074,122.8239,23.3349,43.1514

9/28/2012,49.9262,91.6641,131.6591,156.8319,38.8717,11.0544,52.7924,92.7874,117.9602,85.2284,108.3733,127.0313,23.1449,41.8029

8/31/2012,87.8012,140.5002,187.8455,207.4519,66.8765,20.9247,73.6236,120.9689,140.5753,76.7312,100.505,119.1599,23.7738,42.4287

7/31/2012,113.6593,164.6629,211.8214,233.0134,87.2669,26.3924,77.396,124.5545,145.7465,76.3979,100.0107,119.0078,23.6128,42.6099

6/29/2012,128.5952,181.1954,223.2782,243.4962,104.1271,24.4681,77.0683,119.1511,139.3691,75.1934,99.3191,117.9905,24.1257,42.7971

5/31/2012,154.7014,207.6027,240.0636,254.5302,136.8997,17.8017,70.703,103.1639,117.6305,74.7109,99.3881,118.0039,24.6772,43.293

4/30/2012,118.7925,171.5612,204.1751,219.0478,95.1908,23.6017,76.3704,108.9843,123.857,85.2308,109.169,127.0067,23.9382,41.7759

3/30/2012,93.1031,136.3305,171.0513,185.7785,67.9549,25.1482,68.3756,103.0964,117.8236,75.0745,99.2187,118.0539,24.1442,42.9794

2/29/2012,121.5869,166.6629,197.2284,210.383,105.1514,16.4355,61.5115,92.077,105.2316,62.5,86.8416,105.5097,24.3416,43.0097

1/31/2012,142.3552,171.1617,201.0901,217.1999,140.5938,1.7614,30.5679,60.4963,76.6061,70.485,92.8466,111.0181,22.3616,40.5331

12/30/2011,211.6268,237.5718,255.9075,271.0168,196.0278,15.599,41.544,59.8797,74.989,77.1725,104.3516,123.6836,27.1791,46.5111

11/30/2011,226.1341,250.8427,265.2288,282.029,218.1327,8.0014,32.71,47.0961,63.8963,65.3375,86.8566,109.319,21.5191,43.9815

10/31/2011,166.873,185.9297,198.0588,206.1505,159.9277,6.9453,26.002,38.1311,46.2228,72.33,96.9906,116.9865,24.6606,44.6565

9/30/2011,277.1552,288.0093,295.8402,302.4066,260.8093,16.3459,27.2,35.0309,41.5973,67.495,89.5074,108.84,22.0124,41.345

8/31/2011,172.5738,187.6199,192.8509,196.615,149.6268,22.947,37.9931,43.2241,46.9882,67.505,93.0193,113.9985,25.5143,46.4935

7/29/2011,45.7216,82.2669,107.6733,132.3539,38.6295,7.0921,43.6374,69.0438,93.7244,68.51,96.1948,116.6775,27.6848,48.1675

6/30/2011,38.3748,63.4753,92.1033,117.8184,35.889,2.4859,27.5864,56.2143,81.9294,76.51,104.6703,125.807,28.1603,49.297

5/31/2011,30.4391,49.6502,75.876,103.7796,25.0355,5.4036,24.6147,50.8405,78.7441,80.3275,110.3253,128.6496,29.9978,48.3221

4/29/2011,27.717,46.3388,71.8225,99.153,23.5848,4.1322,22.754,48.2377,75.5682,93.84,123.8205,144.4741,29.9805,50.6341

3/31/2011,28.0952,47.8607,71.1047,100.9584,22.614,5.4813,25.2468,48.4907,78.3445,70.9241,101.1286,120.6844,30.2045,49.7603

2/28/2011,45.4827,70.3264,87.5895,116.1067,38.6301,6.8526,31.6963,48.9595,77.4766,78.057,,,,

1/31/2011,50.6227,75.8269,91.9021,121.0447,42.7027,7.92,33.1242,49.1994,78.342,92.8977,,,,

12/31/2010,70.0735,88.5959,108.4107,130.1252,58.1098,11.9637,30.486,50.3009,72.0154,102.1185,130.6499,144.6493,28.5314,42.5308

11/30/2010,97.2476,115.2364,132.9674,155.337,87.6761,9.5715,27.5603,45.2913,67.6609,102.8763,136.001,149.7492,33.1247,46.8729

10/29/2010,78.4862,99.708,116.935,134.2018,67.8796,10.6066,31.8283,49.0554,66.3222,109.498,140.0047,155.1811,30.5067,45.6831

9/30/2010,109.9233,130.2955,145.7841,162.9769,101.5107,8.4126,28.7848,44.2734,61.4662,129.3713,153.3642,167.7912,23.9929,38.4199

8/31/2010,153.7007,168.4341,179.5424,190.0667,137.7315,15.9692,30.7026,41.8109,52.3352,97.9852,130.4344,144.0001,32.4492,46.0149

7/30/2010,119.9207,132.6707,143.0468,153.8622,106.9133,13.0074,25.7574,36.1335,46.9489,104.472,140.2585,153.1703,35.7865,48.6983

6/30/2010,152.3241,161.9576,171.5345,182.3483,136.6898,15.6343,25.2678,34.8447,45.6585,113.057,141.0507,155.7133,27.9937,42.6563

5/31/2010,139.2117,148.083,155.9886,166.4733,125.8866,13.3251,22.1964,30.102,40.5867,113.0289,137.9765,152.9698,24.9476,39.9409

4/30/2010,111.8791,134.3374,149.1822,160.9544,102.5436,9.3355,31.7938,46.6386,58.4108,114.1813,131.5747,147.8969,17.3934,33.7156

3/31/2010,94.4617,121.7711,136.7345,147.5921,88.7323,5.7294,33.0388,48.0022,58.8598,132.2279,148.6606,166.3658,16.4327,34.1379

2/26/2010,156.4545,183.3209,196.0314,207.4188,154.8691,1.5854,28.4518,41.1623,52.5497,143.3786,162.3242,176.5718,18.9456,33.1932

1/29/2010,168.7935,184.7878,198.5896,207.5636,160.4698,8.3237,24.318,38.1198,47.0938,156.4949,173.1439,188.8962,16.649,32.4013

12/31/2009,119.7206,133.7246,145.9365,161.0507,113.0246,6.696,20.7,32.9119,48.0261,177.5361,184.841,197.3029,7.3049,19.7668

11/30/2009,156.588,174.641,187.643,206.545,159.095,-2.507,15.546,28.548,47.45,222.1987,231.1465,239.3992,8.9478,17.2005

10/30/2009,134.2369,142.5791,150.9215,167.3168,134.1861,0.0508,8.393,16.7354,33.1307,248.0683,256.3958,259.9684,8.3275,11.9001

9/30/2009,150.247,169.4137,181.7697,187.17,150.2657,-0.0187,19.148,31.504,36.9043,253.7763,265.7354,273.0214,11.9591,19.2451

8/31/2009,290.6366,285.1813,276.0249,271.8561,290.4431,0.1935,-5.2618,-14.4182,-18.587,271.0961,278.2981,283.5647,7.202,12.4686

7/31/2009,334.5706,315.5695,306.0247,293.9881,332.5574,2.0132,-16.9879,-26.5327,-38.5693,234.2354,244.4657,253.2899,10.2303,19.0545

6/30/2009,497.8811,474.3316,449.0531,438.3681,497.5899,0.2912,-23.2583,-48.5368,-59.2218,198.5167,208.5701,219.7659,10.0534,21.2492

5/29/2009,418.3642,387.1562,366.2516,354.736,417.9781,0.3861,-30.8219,-51.7265,-63.2421,219.5448,228.7278,234.4728,9.183,14.928

4/30/2009,799.7819,701.4149,645.4744,611.5934,757.9395,41.8424,-56.5246,-112.4651,-146.3461,229.5818,236.6013,241.255,7.0195,11.6732

3/31/2009,879.2235,768.3,691.9494,655.157,810,69.2235,-41.7,-118.0506,-154.843,285.4904,283.4433,286.037,-2.0471,0.5466

2/27/2009,589.4752,492.2147,439.4918,402.0247,552.5,36.9752,-60.2853,-113.0082,-150.4753,281.4917,292.455,294.2723,10.9633,12.7806

1/30/2009,441.65,361.081,328.7789,310.718,427.5,14.15,-66.419,-98.7211,-116.782,222.8901,216.3571,217.7806,-6.533,-5.1095

12/31/2008,237.079,223.639,205.759,195.099,235,2.079,-11.361,-29.241,-39.901,282.1725,305.8757,302.1815,23.7032,20.009

11/28/2008,294.661,282.912,262.615,250.107,287.5,7.161,-4.588,-24.885,-37.393,202.2595,203.0065,203.175,0.747,0.9155

10/31/2008,173.953,175.636,183.555,194.129,190,-16.047,-14.364,-6.445,4.129,150.8775,165.396,172.8469,14.5185,21.9694

9/30/2008,346.595,329.641,310.744,303.276,275,71.595,54.641,35.744,28.276,136.7564,156.3098,166.7209,19.5534,29.9645

8/29/2008,127.548,137.353,146.5874,160.313,117.3,10.248,20.053,29.2874,43.013,124.2499,142.6752,152.8425,18.4253,28.5926

7/31/2008,97.357,104.642,115.344,127.579,94.25,3.107,10.392,21.094,33.329,121.9517,137.8186,147.92,15.8669,25.9683

6/30/2008,97.367,106.624,115.6667,129.7108,97.25,0.117,9.374,18.4167,32.4608,124.9215,139.7945,148.927,14.873,24.0055

4/30/2008,71.8532,,78.6806,,,,,,,133.1557,146.3395,156.7828,13.1838,23.6271

3/31/2008,108.776,,158.4649,,,,,,,140.1402,149.9318,157.0318,9.7916,16.8916

2/29/2008,95.1802,72.0297,119.0415,85.4433,,,,,,148.8604,151.027,154.0218,2.1666,5.1614

1/31/2008,54.8208,61.5572,68.3949,74.2628,,,,,,178.6202,176.1119,178.5118,-2.5083,-0.1084

12/31/2007,45.4086,,47.9416,,,,,,,148.8815,148.4893,149.3777,-0.3922,0.4962

11/30/2007,25.0441,56.5635,44.8791,79.3985,,,,,,174.9114,178.1642,180.0957,3.2528,5.1843

10/31/2007,25.2299,27.5455,45.7826,42.3425,,,,,,198.1011,199.6084,199.5653,1.5073,1.4642

9/28/2007,9.7595,,15.141,,,,,,,164.8877,162.255,162.0289,-2.6327,-2.8588

8/31/2007,13.9551,,23.2951,,,,,,,186.8398,189.5125,189.4118,2.6727,2.572

7/31/2007,11.4688,,17.9126,,,,,,,175.9539,171.4461,170.4922,-4.5078,-5.4617

6/29/2007,5.7081,,9.8401,,,,,,,173.6988,170.8199,169.8528,-2.8789,-3.846

5/31/2007,4.9771,,8.4111,,,,,,,155.575,158.0787,161.6688,2.5037,6.0938

4/30/2007,5.4111,,9.2816,,,,,,,211.2376,218.5799,221.7427,7.3423,10.5051

3/30/2007,6.5002,,9.6776,,,,,,,216.5201,217.6889,221.4591,1.1688,4.939

2/28/2007,5.6377,,7.8644,,,,,,,172.5612,174.491,178.7106,1.9298,6.1494

1/31/2007,5.5002,,7.393,,,,,,,214.146,212.065,211.82,-2.081,-2.326

12/29/2006,5.5002,,9.0002,,,,,,,179.758,174.7678,175.0492,-4.9902,-4.7088

11/30/2006,4.4674,,7.0996,,,,,,,190.1864,185.2776,182.1457,-4.9088,-8.0407

10/31/2006,4.1303,,7.1355,,,,,,,267.2657,255.8211,244.8567,-11.4446,-22.409

9/29/2006,6.0002,,9.5002,,,,,,,288.3191,263.5758,240.1716,-24.7433,-48.1475

8/31/2006,6.0002,,9.5002,,,,,,,425.131,393.0753,358.9565,-32.0557,-66.1745

7/31/2006,6.5002,,10.0002,,,,,,,340.9515,306.468,268.1328,-34.4835,-72.8187

6/30/2006,5.6668,,9.6668,,,,,,,584.7455,538.9654,471.9022,-45.7801,-112.8433

5/31/2006,6.5002,,10.0002,,,,,,,631.5264,583.6527,526.913,-47.8737,-104.6134

4/28/2006,6.0002,,10.0002,,,,,,,386.1885,365.6538,349.9345,-20.5347,-36.254

3/31/2006,5.4168,,8.5001,,,,,,,303.325,289.3039,277.616,-14.0211,-25.709

2/28/2006,7.5002,,10.5002,,,,,,,193.053,188.792,185.177,-4.261,-7.876

1/31/2006,5.9168,,9.1668,,,,,,,248.16,242.381,239.391,-5.779,-8.769

,,,,,,,,,,201.411,194.279,182.3415,-7.132,-19.0695

,,,,,,,,,,305.496,302.6379,304.12,-2.8581,-1.376

,,,,,,,,,,158.5542,164.693,165.751,6.1388,7.1968

,,,,,,,,,,140.4622,134.597,136.8092,-5.8652,-3.653

,,,,,,,,,,139.3632,135.579,141.8402,-3.7842,2.477

,,,,,,,,,,111.3812,,108.7132,,-2.668

,,,,,,,,,,95.8502,92.7087,98.0101,-3.1414,2.16

,,,,,,,,,,182.0551,161.6164,178.2159,-20.4387,-3.8392

,,,,,,,,,,159.2632,135.2709,152.4911,-23.9923,-6.7721

,,,,,,,,,,80.6156,79.0101,81.6403,-1.6055,1.0246

,,,,,,,,,,71.3962,71.5754,72.8889,0.1792,1.4927

,,,,,,,,,,67.3935,75.421,86.8391,8.0275,19.4457

,,,,,,,,,,52.099,64.32,70.3846,12.221,18.2856

,,,,,,,,,,33.4062,26.4925,30.3418,-6.9137,-3.0644

,,,,,,,,,,46.355,43.901,49.0712,-2.454,2.7162

,,,,,,,,,,32.1251,31.9527,30.5227,-0.1723,-1.6024

,,,,,,,,,,12.3333,13.8009,20.1272,1.4676,7.7938

,,,,,,,,,,9.7,11.9798,18.3022,2.2797,8.6021

,,,,,,,,,,11.875,13.2625,20.6751,1.3875,8.8001

,,,,,,,,,,12.203,,21.3582,,9.1552

,,,,,,,,,,9.3201,11.1182,14.182,1.7981,4.8619

,,,,,,,,,,7.85,11.0825,14.6552,3.2325,6.8052

,,,,,,,,,,7.6875,10.627,14.6651,2.9395,6.9776

,,,,,,,,,,8,10.462,14.0367,2.462,6.0367

,,,,,,,,,,8.1875,10.2823,14.8834,2.0947,6.6958

,,,,,,,,,,8.875,12.3062,18.0002,3.4312,9.1251

,,,,,,,,,,9.0001,13.4,18.5002,4.3999,9.5001

,,,,,,,,,,11.1251,16.5,20.7502,5.3749,9.6251

,,,,,,,,,,12.1001,16,21.0001,3.8999,8.9001

,,,,,,,,,,11.6876,16.5,22.0002,4.8124,10.3126

,,,,,,,,,,12.2501,16.7,22.0002,4.4499,9.7501

,,,,,,,,,,13.1429,17.8423,23.0959,4.6994,9.9529

,,,,,,,,,,14.0001,19,26.0002,4.9999,12.0001

,,,,,,,,,,13.8334,20.3521,26.7502,6.5188,12.9168

